{
  "tag_acc": 0.9777721981,
  "sents_p": 0.9521920668,
  "sents_r": 0.9585455158,
  "sents_f": 0.9473465573,
  "ents_p": 0.8444181044,
  "ents_r": 0.8342097559,
  "ents_f": 0.8392828898,
  "ents_per_type": {
    "LOC": {
      "p": 0.8648655076,
      "r": 0.870913663,
      "f": 0.8678790482
    },
    "PER": {
      "p": 0.8824717657,
      "r": 0.9087127121,
      "f": 0.8954000233
    },
    "MISC": {
      "p": 0.7919607029,
      "r": 0.7145889257,
      "f": 0.7512880255
    },
    "ORG": {
      "p": 0.7719161537,
      "r": 0.7445880938,
      "f": 0.758005892
    }
  },
  "speed": 9001.8802547728,
  "token_acc": 0.9998017682,
  "token_p": 0.9991808044,
  "token_r": 0.9990356034,
  "token_f": 0.9991081986,
  "pos_acc": 0.9829657332,
  "morph_acc": 0.9158979781,
  "morph_micro_p": 0.9568596472,
  "morph_micro_r": 0.9566707125,
  "morph_micro_f": 0.9567651705,
  "morph_per_feat": {
    "Case": {
      "p": 0.9206212484,
      "r": 0.9228569116,
      "f": 0.9217377244
    },
    "Definite": {
      "p": 0.996352445,
      "r": 0.9969206204,
      "f": 0.9966364517
    },
    "Gender": {
      "p": 0.9377922114,
      "r": 0.9453883495,
      "f": 0.9415749603
    },
    "Number": {
      "p": 0.9742604509,
      "r": 0.9749826268,
      "f": 0.9746214051
    },
    "PronType": {
      "p": 0.9930950447,
      "r": 0.9912430066,
      "f": 0.9921681613
    },
    "Degree": {
      "p": 0.9793868922,
      "r": 0.9703264095,
      "f": 0.9748355984
    },
    "VerbForm": {
      "p": 0.9592055824,
      "r": 0.9594115752,
      "f": 0.9593085677
    },
    "Mood": {
      "p": 0.9684616675,
      "r": 0.9572210247,
      "f": 0.962808539
    },
    "Person": {
      "p": 0.9781123658,
      "r": 0.9690607735,
      "f": 0.9735655311
    },
    "Tense": {
      "p": 0.9708803232,
      "r": 0.9595741141,
      "f": 0.9651941098
    },
    "Reflex": {
      "p": 0.9976247031,
      "r": 0.9952606635,
      "f": 0.9964412811
    },
    "Poss": {
      "p": 1.0,
      "r": 0.9958677686,
      "f": 0.9979296066
    },
    "Foreign": {
      "p": 0.6857142857,
      "r": 0.1206030151,
      "f": 0.2051282051
    }
  },
  "dep_uas": 0.9248764217,
  "dep_las": 0.9053893655,
  "dep_las_per_type": {
    "cp": {
      "p": 0.9653284672,
      "r": 0.9670932358,
      "f": 0.9662100457
    },
    "nk": {
      "p": 0.9777651546,
      "r": 0.9813487539,
      "f": 0.9795536767
    },
    "sb": {
      "p": 0.9253444968,
      "r": 0.930538502,
      "f": 0.9279342312
    },
    "ag": {
      "p": 0.9553862894,
      "r": 0.9707020453,
      "f": 0.9629832739
    },
    "mnr": {
      "p": 0.7444987775,
      "r": 0.7679697352,
      "f": 0.7560521415
    },
    "mo": {
      "p": 0.7907605973,
      "r": 0.798199474,
      "f": 0.7944626227
    },
    "oc": {
      "p": 0.9178244162,
      "r": 0.9346779049,
      "f": 0.9261744966
    },
    "root": {
      "p": 0.9745355876,
      "r": 0.9648687745,
      "f": 0.9696780893
    },
    "rc": {
      "p": 0.6851441242,
      "r": 0.6928251121,
      "f": 0.6889632107
    },
    "op": {
      "p": 0.7272727273,
      "r": 0.60804769,
      "f": 0.6623376623
    },
    "pm": {
      "p": 0.9913793103,
      "r": 0.9913793103,
      "f": 0.9913793103
    },
    "nmc": {
      "p": 0.9826224329,
      "r": 0.9826224329,
      "f": 0.9826224329
    },
    "oa": {
      "p": 0.8581514763,
      "r": 0.8819261214,
      "f": 0.8698763826
    },
    "pd": {
      "p": 0.8325041459,
      "r": 0.7382352941,
      "f": 0.7825409197
    },
    "ep": {
      "p": 0.8636363636,
      "r": 0.8571428571,
      "f": 0.8603773585
    },
    "cd": {
      "p": 0.8780645161,
      "r": 0.8791989664,
      "f": 0.8786313751
    },
    "cj": {
      "p": 0.8419526341,
      "r": 0.858974359,
      "f": 0.8503783256
    },
    "par": {
      "p": 0.4586466165,
      "r": 0.2990196078,
      "f": 0.3620178042
    },
    "svp": {
      "p": 0.9407114625,
      "r": 0.9153846154,
      "f": 0.9278752437
    },
    "pg": {
      "p": 0.8639240506,
      "r": 0.8694267516,
      "f": 0.8666666667
    },
    "da": {
      "p": 0.8090277778,
      "r": 0.5928753181,
      "f": 0.684287812
    },
    "app": {
      "p": 0.6565656566,
      "r": 0.6565656566,
      "f": 0.6565656566
    },
    "ac": {
      "p": 0.9150943396,
      "r": 0.8290598291,
      "f": 0.869955157
    },
    "pnc": {
      "p": 0.8579234973,
      "r": 0.8155844156,
      "f": 0.8362183755
    },
    "ju": {
      "p": 0.932038835,
      "r": 0.9696969697,
      "f": 0.9504950495
    },
    "ng": {
      "p": 0.7962962963,
      "r": 0.8005319149,
      "f": 0.7984084881
    },
    "re": {
      "p": 0.7278911565,
      "r": 0.6369047619,
      "f": 0.6793650794
    },
    "cm": {
      "p": 0.8909952607,
      "r": 0.9038461538,
      "f": 0.8973747017
    },
    "cc": {
      "p": 0.7197802198,
      "r": 0.6582914573,
      "f": 0.687664042
    },
    "sbp": {
      "p": 0.7692307692,
      "r": 0.775862069,
      "f": 0.7725321888
    },
    "uc": {
      "p": 0.6666666667,
      "r": 0.2666666667,
      "f": 0.380952381
    },
    "ams": {
      "p": 0.7647058824,
      "r": 0.7647058824,
      "f": 0.7647058824
    },
    "rs": {
      "p": 0.6923076923,
      "r": 0.2903225806,
      "f": 0.4090909091
    },
    "cvc": {
      "p": 0.8333333333,
      "r": 0.6329113924,
      "f": 0.7194244604
    },
    "ph": {
      "p": 1.0,
      "r": 0.4285714286,
      "f": 0.6
    },
    "dep": {
      "p": 0.0,
      "r": 0.0,
      "f": 0.0
    },
    "dm": {
      "p": 0.0,
      "r": 0.0,
      "f": 0.0
    },
    "oa2": {
      "p": 0.0,
      "r": 0.0,
      "f": 0.0
    },
    "vo": {
      "p": 0.0,
      "r": 0.0,
      "f": 0.0
    },
    "og": {
      "p": 0.5,
      "r": 0.2857142857,
      "f": 0.3636363636
    },
    "adc": {
      "p": 0.75,
      "r": 1.0,
      "f": 0.8571428571
    }
  },
  "lemma_acc": 0.7342764075
}